Date, ,STORAGE&nbsp, ,,RAIN&nbsp, ,,MONFLO&nbsp, ,,MONFNF&nbsp, ,,
 , ,AF, ,INCHES, ,AF, ,AF, ,
02/1916,,--,,
03/1916,,--,,
04/1916,,--,,
05/1916,,--,,
06/1916,,--,,
07/1916,,--,,
08/1916,,--,,
09/1916,,--,,
10/1916,,--,,
11/1916,,--,,
12/1916,,--,,
01/1917,,--,,
02/1917,,--,,
03/1917,,--,,
04/1917,,--,,
05/1917,,--,,
06/1917,,--,,
07/1917,,--,,
08/1917,,--,,
09/1917,,--,,
10/1917,,--,,
11/1917,,--,,
12/1917,,--,,
01/1918,,--,,
02/1918,,--,,
03/1918,,--,,
04/1918,,--,,
05/1918,,--,,
06/1918,,--,,
07/1918,,--,,
08/1918,,--,,
09/1918,,--,,
10/1918,,--,,
11/1918,,--,,
12/1918,,--,,
01/1919,,--,,
02/1919,,--,,
03/1919,,--,,
04/1919,,--,,
05/1919,,--,,
06/1919,,--,,
07/1919,,--,,
08/1919,,--,,
09/1919,,--,,
10/1919,,--,,
11/1919,,--,,
12/1919,,--,,
01/1920,,--,,
02/1920,,--,,
03/1920,,--,,
04/1920,,--,,
05/1920,,--,,
06/1920,,--,,
07/1920,,--,,
08/1920,,--,,
09/1920,,--,,
10/1920,,--,,
11/1920,,--,,
12/1920,,--,,
01/1921,,--,,
02/1921,,--,,
03/1921,,--,,
04/1921,,--,,
05/1921,,--,,
06/1921,,--,,
07/1921,,--,,
08/1921,,--,,
09/1921,,--,,
10/1921,,--,,
11/1921,,--,,
12/1921,,--,,
01/1922,,--,,
02/1922,,--,,
03/1922,,--,,
04/1922,,--,,
05/1922,,--,,
06/1922,,--,,
07/1922,,--,,
08/1922,,--,,
09/1922,,--,,
10/1922,,--,,
11/1922,,--,,
12/1922,,--,,
01/1923,,--,,
02/1923,,--,,
03/1923,,--,,
04/1923,,--,,
05/1923,,--,,
06/1923,,--,,
07/1923,,--,,
08/1923,,--,,
09/1923,,--,,
10/1923,,--,,
11/1923,,--,,
12/1923,,--,,
01/1924,,--,,
02/1924,,--,,
03/1924,,--,,
04/1924,,--,,
05/1924,,--,,
06/1924,,--,,
07/1924,,--,,
08/1924,,--,,
09/1924,,--,,
10/1924,,--,,
11/1924,,--,,
12/1924,,--,,
01/1925,,--,,
02/1925,,--,,
03/1925,,--,,
04/1925,,--,,
05/1925,,--,,
06/1925,,--,,
07/1925,,--,,
08/1925,,--,,
09/1925,,--,,
10/1925,,--,,
11/1925,,--,,
12/1925,,--,,
01/1926,,--,,
02/1926,,--,,
03/1926,,--,,
04/1926,,--,,
05/1926,,--,,
06/1926,,--,,
07/1926,,--,,
08/1926,,--,,
09/1926,,--,,
10/1926,,--,,
11/1926,,--,,
12/1926,,--,,
01/1927,,--,,
02/1927,,--,,
03/1927,,--,,
04/1927,,--,,
05/1927,,--,,
06/1927,,--,,
07/1927,,--,,
08/1927,,--,,
09/1927,,--,,
10/1927,,--,,
11/1927,,--,,
12/1927,,--,,
01/1928,,--,,
02/1928,,--,,
03/1928,,--,,
04/1928,,--,,
05/1928,,--,,
06/1928,,--,,
07/1928,,--,,
08/1928,,--,,
09/1928,,--,,
10/1928,,--,,
11/1928,,--,,
12/1928,,--,,
01/1929,,--,,
02/1929,,--,,
03/1929,,--,,
04/1929,,--,,
05/1929,,--,,
06/1929,,--,,
07/1929,,--,,
08/1929,,--,,
09/1929,,--,,
10/1929,,--,,
11/1929,,--,,
12/1929,,--,,
01/1930,,--,,
02/1930,,--,,
03/1930,,--,,
04/1930,,--,,
05/1930,,--,,
06/1930,,--,,
07/1930,,--,,
08/1930,,--,,
09/1930,,--,,
10/1930,,340,,
11/1930,,7500,,
12/1930,,2200,,
01/1931,,3400,,
02/1931,,3700,,
03/1931,,2900,,
04/1931,,2500,,
05/1931,,1960,,
06/1931,,210,,
07/1931,,20,,
08/1931,,0,,
09/1931,,0,,
10/1931,,0,,
11/1931,,120,,
12/1931,,13250,,
01/1932,,9200,,
02/1932,,29300,,
03/1932,,21500,,
04/1932,,19650,,
05/1932,,29040,,
06/1932,,13510,,
07/1932,,2350,,
08/1932,,170,,
09/1932,,40,,
10/1932,,140,,
11/1932,,490,,
12/1932,,1800,,
01/1933,,9000,,
02/1933,,6700,,
03/1933,,15000,,
04/1933,,14140,,
05/1933,,16540,,
06/1933,,14220,,
07/1933,,1740,,
08/1933,,50,,
09/1933,,20,,
10/1933,,60,,
11/1933,,580,,
12/1933,,4000,,
01/1934,,4900,,
02/1934,,3500,,
03/1934,,4900,,
04/1934,,1790,,
05/1934,,270,,
06/1934,,290,,
07/1934,,10,,
08/1934,,0,,
09/1934,,0,,
10/1934,,0,,
11/1934,,1330,,
12/1934,,2600,,
01/1935,,4200,,
02/1935,,6600,,
03/1935,,12500,,
04/1935,,31650,,
05/1935,,20460,,
06/1935,,8500,,
07/1935,,980,,
08/1935,,40,,
09/1935,,10,,
10/1935,,290,,
11/1935,,820,,
12/1935,,1900,,
01/1936,,3800,,
02/1936,,53000,,
03/1936,,26500,,
04/1936,,43210,,
05/1936,,27530,,
06/1936,,10860,,
07/1936,,2320,,
08/1936,,290,,
09/1936,,80,,
10/1936,,760,,
11/1936,,1670,,
12/1936,,5800,,
01/1937,,8500,,
02/1937,,86500,,
03/1937,,65000,,
04/1937,,58580,,
05/1937,,51330,,
06/1937,,20280,,
07/1937,,5530,,
08/1937,,1180,,
09/1937,,570,,
10/1937,,900,,
11/1937,,1830,,
12/1937,,27500,,
01/1938,,11200,,
02/1938,,34500,,
03/1938,,105000,,
04/1938,,61720,,
05/1938,,67590,,
06/1938,,31420,,
07/1938,,8740,,
08/1938,,2830,,
09/1938,,1620,,
10/1938,,2800,,
11/1938,,4400,,
12/1938,,5100,,
01/1939,,6500,,
02/1939,,10500,,
03/1939,,21000,,
04/1939,,20790,,
05/1939,,9160,,
06/1939,,2400,,
07/1939,,330,,
08/1939,,20,,
09/1939,,70,,
10/1939,,890,,
11/1939,,820,,
12/1939,,1800,,
01/1940,,42500,,
02/1940,,58000,,
03/1940,,40000,,
04/1940,,36570,,
05/1940,,21070,,
06/1940,,7300,,
07/1940,,1230,,
08/1940,,170,,
09/1940,,250,,
10/1940,,1230,,
11/1940,,2420,,
12/1940,,13800,,
01/1941,,17300,,
02/1941,,46000,,
03/1941,,38000,,
04/1941,,40730,,
05/1941,,45080,,
06/1941,,22370,,
07/1941,,5960,,
08/1941,,1750,,
09/1941,,1040,,
10/1941,,1870,,
11/1941,,3100,,
12/1941,,9800,,
01/1942,,18000,,
02/1942,,13000,,
03/1942,,20000,,
04/1942,,26720,,
05/1942,,24930,,
06/1942,,14480,,
07/1942,,2760,,
08/1942,,580,,
09/1942,,360,,
10/1942,,570,,
11/1942,,2850,,
12/1942,,7000,,
01/1943,,47500,,
02/1943,,28000,,
03/1943,,167000,,
04/1943,,55510,,
05/1943,,33040,,
06/1943,,15160,,
07/1943,,5120,,
08/1943,,1730,,
09/1943,,970,,
10/1943,,1700,,
11/1943,,3100,,
12/1943,,4600,,
01/1944,,7400,,
02/1944,,11500,,
03/1944,,20000,,
04/1944,,15610,,
05/1944,,24220,,
06/1944,,10830,,
07/1944,,2480,,
08/1944,,480,,
09/1944,,170,,
10/1944,,520,,
11/1944,,6750,,
12/1944,,5100,,
01/1945,,4600,,
02/1945,,47000,,
03/1945,,39000,,
04/1945,,39860,,
05/1945,,34440,,
06/1945,,18940,,
07/1945,,4560,,
08/1945,,1460,,
09/1945,,760,,
10/1945,,2050,,
11/1945,,4200,,
12/1945,,13000,,
01/1946,,13300,,
02/1946,,8500,,
03/1946,,15500,,
04/1946,,18860,,
05/1946,,13020,,
06/1946,,4510,,
07/1946,,820,,
08/1946,,100,,
09/1946,,50,,
10/1946,,1110,,
11/1946,,7500,,
12/1946,,9000,,
01/1947,,5900,,
02/1947,,6000,,
03/1947,,9000,,
04/1947,,7230,,
05/1947,,5120,,
06/1947,,1290,,
07/1947,,30,,
08/1947,,10,,
09/1947,,10,,
10/1947,,280,,
11/1947,,1450,,
12/1947,,2100,,
01/1948,,1450,,
02/1948,,2350,,
03/1948,,5800,,
04/1948,,23860,,
05/1948,,19070,,
06/1948,,6920,,
07/1948,,680,,
08/1948,,40,,
09/1948,,10,,
10/1948,,70,,
11/1948,,460,,
12/1948,,1900,,
01/1949,,3460,,
02/1949,,4000,,
03/1949,,9490,,
04/1949,,15670,,
05/1949,,10980,,
06/1949,,2500,,
07/1949,,250,,
08/1949,,40,,
09/1949,,10,,
10/1949,,10,,
11/1949,,1400,,
12/1949,,2500,,
01/1950,,5610,,
02/1950,,14890,,
03/1950,,9070,,
04/1950,,15340,,
05/1950,,8830,,
06/1950,,4090,,
07/1950,,170,,
08/1950,,10,,
09/1950,,0,,
10/1950,,1450,,
11/1950,,48500,,
12/1950,,34000,,
01/1951,,13800,,
02/1951,,11720,,
03/1951,,17940,,
04/1951,,11320,,
05/1951,,13060,,
06/1951,,2360,,
07/1951,,190,,
08/1951,,10,,
09/1951,,0,,
10/1951,,1980,,
11/1951,,13170,,
12/1951,,18760,,
01/1952,,40390,,
02/1952,,25960,,
03/1952,,60690,,
04/1952,,58930,,
05/1952,,58480,,
06/1952,,28170,,
07/1952,,8420,,
08/1952,,3460,,
09/1952,,1710,,
10/1952,,1540,,
11/1952,,4000,,
12/1952,,6290,,
01/1953,,24070,,
02/1953,,8700,,
03/1953,,9560,,
04/1953,,15840,,
05/1953,,15570,,
06/1953,,10320,,
07/1953,,2270,,
08/1953,,510,,
09/1953,,410,,
10/1953,,780,,
11/1953,,2370,,
12/1953,,3590,,
01/1954,,7750,,
02/1954,,10030,,
03/1954,,16640,,
04/1954,,25570,,
05/1954,,16340,,
06/1954,,4970,,
07/1954,,650,,
08/1954,,120,,
09/1954,,0,,
10/1954,,330,,
11/1954,,2030,,
12/1954,,4470,,
01/1955,,8510,,
02/1955,,13370,,
03/1955,,9850,,
04/1955,,7970,,
05/1955,,12860,,
06/1955,,4720,,
07/1955,,460,,
08/1955,,0,,
09/1955,,0,,
10/1955,,70,,
11/1955,,1220,,
12/1955,,56600,,
01/1956,,45500,,
02/1956,,21300,,
03/1956,,16000,,
04/1956,,22320,,
05/1956,,31700,,
06/1956,,11000,,
07/1956,,2600,,
08/1956,,660,,
09/1956,,460,,
10/1956,,1500,,
11/1956,,1700,,
12/1956,,2100,,
01/1957,,3800,,
02/1957,,6200,,
03/1957,,9000,,
04/1957,,7600,,
05/1957,,24000,,
06/1957,,8000,,
07/1957,,900,,
08/1957,,100,,
09/1957,,200,,
10/1957,,1400,,
11/1957,,2600,,
12/1957,,6400,,
01/1958,,8500,,
02/1958,,17500,,
03/1958,,46200,,
04/1958,,63800,,
05/1958,,48000,,
06/1958,,18400,,
07/1958,,7000,,
08/1958,,1800,,
09/1958,,1500,,
10/1958,,1240,,
11/1958,,2430,,
12/1958,,2580,,
01/1959,,3740,,
02/1959,,7060,,
03/1959,,7270,,
04/1959,,4260,,
05/1959,,2790,,
06/1959,,380,,
07/1959,,0,,
08/1959,,0,,
09/1959,,0,,
10/1959,,0.00,,0,,
11/1959,,0.00,,390,,
12/1959,,0.00,,1090,,
01/1960,,0.00,,2550,,
02/1960,,0.00,,11550,,
03/1960,,0.00,,10720,,
04/1960,,0.00,,9320,,
05/1960,,0.00,,10390,,
06/1960,,0.00,,1960,,
07/1960,,0.00,,110,,
08/1960,,0.00,,20,,
09/1960,,0.00,,10,,
10/1960,,0.44,,0,,0,,
11/1960,,133,,3.30,,1160,,1692,,
12/1960,,110,,0.55,,1970,,2632,,
01/1961,,114,,1.02,,1620,,2087,,
02/1961,,110,,0.19,,1410,,2158,,
03/1961,,128,,1.12,,2990,,3687,,
04/1961,,112,,0.33,,3060,,4106,,
05/1961,,46,,0.41,,1020,,2511,,
06/1961,,--,,0.00,,203,,5770,,
07/1961,,73,,0.00,,0,,0,,
08/1961,,57,,0.00,,0,,0,,
09/1961,,--,,0.00,,0,,0,,
10/1961,,38,,0.00,,0,,0,,
11/1961,,42,,1.52,,113,,303,,
12/1961,,42,,0.74,,853,,1553,,
01/1962,,79,,1.83,,1810,,2648,,
02/1962,,509,,6.86,,22710,,23477,,
03/1962,,6431,,1.46,,7110,,13603,,
04/1962,,23425,,0.01,,5980,,23828,,
05/1962,,28668,,0.31,,6630,,13206,,
06/1962,,28376,,0.00,,5020,,6282,,
07/1962,,20725,,0.11,,6880,,938,,
08/1962,,11358,,0.00,,8020,,141,,
09/1962,,8409,,0.07,,1930,,256,,
10/1962,,7714,,0.29,,502,,845,,
11/1962,,7709,,0.00,,907,,1045,,
12/1962,,7734,,0.00,,914,,1198,,
01/1963,,13370,,0.81,,3720,,9914,,
02/1963,,16608,,2.83,,25500,,28995,,
03/1963,,21239,,2.33,,5310,,10136,,
04/1963,,42706,,2.92,,4540,,26291,,
05/1963,,61045,,0.23,,5780,,25309,,
06/1963,,60252,,0.39,,8220,,9624,,
07/1963,,38866,,0.00,,22770,,3786,,
08/1963,,18176,,0.21,,20750,,1916,,
09/1963,,12358,,0.45,,5780,,1267,,
10/1963,,11550,,1.89,,2280,,2091,,
11/1963,,6819,,2.28,,9920,,5270,,
12/1963,,6805,,0.30,,3850,,3872,,
01/1964,,6815,,0.89,,3800,,3858,,
02/1964,,10015,,0.34,,99,,3398,,
03/1964,,14502,,1.97,,2790,,7438,,
04/1964,,25849,,1.10,,2470,,14604,,
05/1964,,32666,,0.86,,5050,,13218,,
06/1964,,29141,,0.12,,7200,,5314,,
07/1964,,18478,,0.00,,9570,,657,,
08/1964,,12014,,0.00,,5210,,282,,
09/1964,,9264,,0.33,,1860,,430,,
10/1964,,8307,,1.28,,661,,682,,
11/1964,,10003,,2.57,,2750,,4578,,
12/1964,,12612,,2.03,,14590,,17247,,
01/1965,,9757,,1.81,,26370,,23558,,
02/1965,,14650,,0.17,,7060,,12036,,
03/1965,,22731,,1.15,,2590,,10852,,
04/1965,,49662,,3.56,,1800,,29144,,
05/1965,,62402,,0.00,,6140,,20718,,
06/1965,,65756,,0.00,,6730,,12218,,
07/1965,,50007,,0.03,,16680,,3402,,
08/1965,,28181,,0.23,,21790,,1966,,
09/1965,,21209,,0.13,,6890,,1246,,
10/1965,,6973,,0.00,,14130,,877,,
11/1965,,10092,,1.89,,1040,,4308,,
12/1965,,10215,,2.51,,5870,,6032,,
01/1966,,9626,,0.94,,7400,,6869,,
02/1966,,15500,,0.97,,517,,6476,,
03/1966,,20746,,0.16,,3380,,8493,,
04/1966,,25167,,0.05,,2730,,8079,,
05/1966,,25608,,0.09,,2780,,4296,,
06/1966,,22322,,0.13,,3270,,1212,,
07/1966,,10868,,0.00,,10470,,458,,
08/1966,,7383,,0.00,,2080,,0,,
09/1966,,5894,,0.05,,657,,123,,
10/1966,,5364,,0.00,,40,,270,,
11/1966,,7232,,1.47,,35,,2124,,
12/1966,,54592,,6.53,,90990,,138482,,
01/1967,,38666,,2.07,,32720,,16899,,
02/1967,,30160,,0.28,,25200,,16818,,
03/1967,,31662,,1.78,,23180,,24861,,
04/1967,,64240,,5.59,,17760,,50657,,
05/1967,,88691,,0.44,,39550,,65584,,
06/1967,,87481,,0.48,,33260,,34225,,
07/1967,,76484,,0.00,,22900,,14716,,
08/1967,,42078,,0.00,,37350,,5278,,
09/1967,,23307,,0.75,,21420,,3969,,
10/1967,,10059,,0.00,,14960,,2741,,
11/1967,,13673,,2.19,,422,,4503,,
12/1967,,11836,,1.29,,8640,,6909,,
01/1968,,13176,,0.97,,6120,,7529,,
02/1968,,20692,,1.28,,3080,,10689,,
03/1968,,30523,,1.75,,2310,,12492,,
04/1968,,39469,,0.88,,985,,10812,,
05/1968,,43744,,0.07,,2040,,7561,,
06/1968,,36046,,0.03,,8850,,2890,,
07/1968,,20078,,0.00,,14950,,938,,
08/1968,,10835,,0.00,,7830,,16,,
09/1968,,8878,,0.00,,996,,182,,
10/1968,,8729,,1.92,,1210,,1630,,
11/1968,,12353,,1.05,,187,,4062,,
12/1968,,10887,,1.82,,6910,,5504,,
01/1969,,70989,,8.52,,39350,,99518,,
02/1969,,79467,,6.70,,77790,,86455,,
03/1969,,59757,,1.24,,90230,,70970,,
04/1969,,65340,,1.89,,76820,,83140,,
05/1969,,93982,,0.15,,43100,,73732,,
06/1969,,93748,,0.30,,44830,,46910,,
07/1969,,72964,,0.14,,37900,,19994,,
08/1969,,47839,,0.00,,30570,,7839,,
09/1969,,42659,,0.02,,7560,,4102,,
10/1969,,20348,,0.12,,25760,,4554,,
11/1969,,9423,,1.02,,15070,,4754,,
12/1969,,8908,,0.88,,7700,,7470,,
01/1970,,30391,,3.65,,12550,,34124,,
02/1970,,25449,,0.91,,18100,,13284,,
03/1970,,31331,,1.66,,17930,,24098,,
04/1970,,38105,,0.41,,4270,,12056,,
05/1970,,45338,,0.00,,4020,,12938,,
06/1970,,35850,,0.00,,13610,,5935,,
07/1970,,21527,,0.00,,14650,,1991,,
08/1970,,15851,,0.00,,5110,,791,,
09/1970,,11863,,0.00,,3150,,357,,
10/1970,,9889,,0.00,,1880,,760,,
11/1970,,12712,,3.44,,1790,,5076,,
12/1970,,7312,,2.52,,13230,,7888,,
01/1971,,9022,,0.83,,9940,,11683,,
02/1971,,17953,,0.71,,484,,9497,,
03/1971,,26498,,0.64,,1840,,10638,,
04/1971,,35085,,1.18,,1750,,11248,,
05/1971,,47431,,2.14,,1720,,15116,,
06/1971,,49337,,0.00,,4610,,8295,,
07/1971,,32586,,0.00,,17630,,2759,,
08/1971,,16930,,0.00,,14970,,849,,
09/1971,,11950,,0.04,,3950,,206,,
10/1971,,10848,,0.07,,1260,,1029,,
11/1971,,9831,,0.78,,1530,,2588,,
12/1971,,8584,,3.78,,7510,,6329,,
01/1972,,11463,,0.30,,2410,,5326,,
02/1972,,16500,,0.44,,612,,5764,,
03/1972,,19518,,0.00,,2080,,5816,,
04/1972,,21663,,0.25,,994,,3917,,
05/1972,,22332,,0.22,,930,,2807,,
06/1972,,18812,,0.03,,2950,,833,,
07/1972,,10329,,0.00,,7160,,71,,
08/1972,,4968,,0.03,,4130,,22,,
09/1972,,3754,,0.02,,699,,256,,
10/1972,,3877,,1.26,,382,,893,,
11/1972,,7560,,3.21,,7,,3727,,
12/1972,,9115,,1.86,,4840,,6425,,
01/1973,,16398,,4.39,,19850,,27204,,
02/1973,,19430,,3.62,,23540,,26660,,
03/1973,,33831,,3.96,,26190,,40733,,
04/1973,,31038,,0.39,,38710,,36377,,
05/1973,,67520,,0.00,,9520,,47406,,
06/1973,,76555,,0.00,,9660,,21013,,
07/1973,,55602,,0.00,,25880,,7343,,
08/1973,,30844,,0.00,,27280,,4366,,
09/1973,,13494,,0.00,,19320,,3080,,
10/1973,,10502,,1.27,,5360,,2848,,
11/1973,,11874,,2.01,,3640,,5338,,
12/1973,,10933,,1.83,,9900,,9094,,
01/1974,,13834,,3.25,,20850,,23863,,
02/1974,,18819,,0.25,,4480,,9560,,
03/1974,,37356,,2.51,,8100,,26851,,
04/1974,,63291,,1.49,,9060,,35608,,
05/1974,,79611,,0.02,,4140,,22213,,
06/1974,,76396,,0.00,,11800,,11185,,
07/1974,,49799,,0.03,,29520,,5433,,
08/1974,,22297,,0.02,,29220,,3560,,
09/1974,,11724,,0.00,,10340,,1119,,
10/1974,,10312,,2.01,,2780,,2152,,
11/1974,,11569,,0.92,,2230,,3592,,
12/1974,,12098,,1.34,,4490,,5082,,
01/1975,,13637,,0.48,,3950,,5548,,
02/1975,,18922,,3.38,,7150,,12530,,
03/1975,,36525,,2.43,,2010,,19817,,
04/1975,,49671,,1.20,,3570,,17173,,
05/1975,,74304,,0.03,,5020,,31191,,
06/1975,,80913,,0.00,,6570,,15497,,
07/1975,,61976,,0.00,,21400,,4881,,
08/1975,,34132,,0.02,,28600,,2753,,
09/1975,,13184,,0.06,,21730,,2148,,
10/1975,,10485,,1.45,,5670,,3610,,
11/1975,,12364,,1.15,,2180,,4390,,
12/1975,,12892,,0.20,,4020,,4608,,
01/1976,,14148,,0.00,,1770,,3320,,
02/1976,,18380,,2.60,,205,,4616,,
03/1976,,25457,,0.89,,773,,8220,,
04/1976,,30163,,1.01,,952,,6518,,
05/1976,,31807,,0.13,,1450,,4358,,
06/1976,,22250,,0.00,,9360,,1188,,
07/1976,,14020,,0.01,,7240,,500,,
08/1976,,8940,,0.03,,3920,,149,,
09/1976,,7268,,2.31,,1800,,942,,
10/1976,,7951,,0.34,,405,,1436,,
11/1976,,8441,,0.27,,489,,1309,,
12/1976,,9071,,0.22,,726,,1597,,
01/1977,,10772,,0.61,,724,,2527,,
02/1977,,11768,,0.14,,653,,2001,,
03/1977,,12477,,0.39,,1100,,2281,,
04/1977,,12228,,0.00,,1130,,1589,,
05/1977,,13396,,1.82,,452,,2487,,
06/1977,,11387,,0.02,,1730,,536,,
07/1977,,8210,,0.00,,2130,,0,,
08/1977,,6674,,0.38,,699,,77,,
09/1977,,5181,,0.00,,825,,44,,
10/1977,,3996,,0.30,,873,,149,,
11/1977,,4298,,0.47,,40,,547,,
12/1977,,12328,,3.63,,12,,8144,,
01/1978,,13136,,2.52,,15420,,16265,,
02/1978,,35739,,5.11,,25680,,48401,,
03/1978,,56468,,5.06,,41470,,62669,,
04/1978,,66727,,2.15,,35740,,46636,,
05/1978,,79912,,0.00,,26590,,41527,,
06/1978,,81235,,0.00,,26160,,29542,,
07/1978,,58407,,0.00,,30610,,10278,,
08/1978,,35779,,0.00,,24540,,3660,,
09/1978,,24878,,2.20,,14650,,4782,,
10/1978,,18229,,0.00,,7810,,2569,,
11/1978,,11423,,0.89,,9600,,3392,,
12/1978,,11518,,1.50,,5300,,5722,,
01/1979,,15753,,2.06,,2700,,7105,,
02/1979,,25420,,2.23,,2690,,12504,,
03/1979,,46634,,3.65,,1210,,22699,,
04/1979,,63918,,0.08,,2550,,20630,,
05/1979,,78576,,0.02,,6290,,22263,,
06/1979,,73696,,0.00,,10770,,8293,,
07/1979,,48056,,0.00,,27400,,4023,,
08/1979,,23838,,0.14,,25300,,2707,,
09/1979,,12738,,0.25,,11640,,1702,,
10/1979,,11648,,0.31,,2450,,2095,,
11/1979,,11244,,0.91,,3360,,3225,,
12/1979,,12606,,0.82,,1930,,3495,,
01/1980,,48621,,4.74,,39170,,75420,,
02/1980,,62147,,2.81,,59150,,72991,,
03/1980,,61630,,2.07,,53240,,53213,,
04/1980,,65877,,0.74,,31830,,37072,,
05/1980,,79605,,0.28,,20670,,35891,,
06/1980,,82019,,0.00,,21960,,26617,,
07/1980,,75490,,0.00,,15690,,11907,,
08/1980,,42146,,0.00,,35970,,4988,,
09/1980,,20533,,0.00,,22990,,2773,,
10/1980,,12080,,0.00,,9670,,2233,,
11/1980,,11518,,0.00,,3170,,3124,,
12/1980,,11964,,0.00,,4290,,4887,,
01/1981,,14645,,0.56,,3090,,6097,,
02/1981,,21897,,0.22,,2900,,10255,,
03/1981,,36654,,0.56,,1710,,16808,,
04/1981,,51338,,0.28,,2560,,18205,,
05/1981,,55493,,0.45,,5940,,11639,,
06/1981,,39440,,0.00,,18610,,4376,,
07/1981,,18591,,0.00,,20800,,1648,,
08/1981,,12250,,0.00,,5630,,571,,
09/1981,,7411,,0.00,,4250,,399,,
10/1981,,7461,,0.94,,1180,,1748,,
11/1981,,8885,,0.89,,1370,,2965,,
12/1981,,13203,,0.84,,1080,,5518,,
01/1982,,10471,,0.70,,19080,,16417,,
02/1982,,26394,,0.08,,3580,,19619,,
03/1982,,35764,,0.28,,24500,,34037,,
04/1982,,81207,,0.70,,31910,,78029,,
05/1982,,90681,,0.00,,28360,,39805,,
06/1982,,82167,,0.54,,24120,,17604,,
07/1982,,75720,,0.00,,10930,,6912,,
08/1982,,45601,,0.00,,30350,,3243,,
09/1982,,27521,,0.95,,22030,,4366,,
10/1982,,16459,,0.48,,17940,,7490,,
11/1982,,16174,,0.87,,20080,,20010,,
12/1982,,35681,,0.85,,25560,,45208,,
01/1983,,56609,,0.95,,38460,,59547,,
02/1983,,60123,,0.22,,83090,,86762,,
03/1983,,59345,,0.18,,121900,,121434,,
04/1983,,61706,,0.53,,66200,,69149,,
05/1983,,80645,,0.58,,65110,,85451,,
06/1983,,82019,,0.00,,68510,,72054,,
07/1983,,81649,,0.00,,27050,,29181,,
08/1983,,49144,,0.00,,42300,,11901,,
09/1983,,23594,,0.59,,30960,,6827,,
10/1983,,13191,,0.74,,17500,,7680,,
11/1983,,21811,,0.74,,10960,,19830,,
12/1983,,45075,,0.29,,19560,,42950,,
01/1984,,35955,,0.12,,34260,,25570,,
02/1984,,29870,,0.80,,25470,,19600,,
03/1984,,35586,,0.05,,16030,,22190,,
04/1984,,49330,,0.51,,3750,,18470,,
05/1984,,59696,,0.00,,4800,,17000,,
06/1984,,60086,,0.02,,4750,,7150,,
07/1984,,44932,,0.15,,16240,,3250,,
08/1984,,28213,,0.12,,16510,,1510,,
09/1984,,19439,,0.00,,8840,,1340,,
10/1984,,9805,,0.60,,11840,,2800,,
11/1984,,13377,,2.47,,4650,,8460,,
12/1984,,9345,,1.55,,11790,,7860,,
01/1985,,13049,,1.00,,6680,,10440,,
02/1985,,15463,,0.86,,10840,,13390,,
03/1985,,27254,,1.99,,4460,,16680,,
04/1985,,47303,,0.06,,3240,,24530,,
05/1985,,55114,,0.19,,5860,,15390,,
06/1985,,45508,,0.01,,14510,,6840,,
07/1985,,23289,,0.00,,23270,,2840,,
08/1985,,18290,,0.00,,4650,,1060,,
09/1985,,12945,,0.99,,6190,,1740,,
10/1985,,11378,,0.57,,3060,,2091,,
11/1985,,11894,,3.91,,4690,,5407,,
12/1985,,8980,,0.83,,12370,,9564,,
01/1986,,12203,,1.82,,9050,,12359,,
02/1986,,48147,,3.01,,31090,,67171,,
03/1986,,53521,,3.33,,67410,,73177,,
04/1986,,65191,,0.36,,21880,,34392,,
05/1986,,80841,,0.00,,4990,,22505,,
06/1986,,79029,,0.00,,11373,,11310,,
07/1986,,57229,,0.00,,4134,,4124,,
08/1986,,31592,,0.00,,2668,,2711,,
09/1986,,21132,,0.00,,2321,,2335,,
10/1986,,9820,,0.17,,3324,,3300,,
11/1986,,9886,,0.85,,3705,,3700,,
12/1986,,9870,,0.91,,3907,,3900,,
01/1987,,11694,,1.93,,5215,,5200,,
02/1987,,14440,,1.83,,8392,,8400,,
03/1987,,25870,,1.79,,12292,,12300,,
04/1987,,34150,,0.32,,12013,,12000,,
05/1987,,34230,,0.02,,5750,,5800,,
06/1987,,26656,,0.04,,1563,,1600,,
07/1987,,13641,,0.00,,809,,300,,
08/1987,,6514,,0.00,,329,,300,,
09/1987,,4597,,0.00,,262,,262,,
10/1987,,4216,,0.68,,720,,720,,
11/1987,,6720,,1.30,,2656,,2656,,
12/1987,,10418,,1.29,,4028,,4028,,
01/1988,,8760,,2.16,,11399,,11399,,
02/1988,,13080,,0.12,,5302,,5302,,
03/1988,,16718,,0.89,,6647,,6647,,
04/1988,,19961,,2.40,,6793,,6793,,
05/1988,,22372,,0.76,,6002,,6002,,
06/1988,,20957,,0.12,,1974,,1974,,
07/1988,,13546,,0.00,,175,,175,,
08/1988,,9408,,0.00,,14000,,69,,
09/1988,,6986,,0.00,,718,,718,,
10/1988,,5559,,0.00,,0,,0,,
11/1988,,7138,,0.08,,1982,,1982,,
12/1988,,8325,,1.30,,3358,,3358,,
01/1989,,10774,,0.35,,4078,,4078,,
02/1989,,17046,,1.84,,6403,,6403,,
03/1989,,31766,,2.41,,16695,,16695,,
04/1989,,39157,,0.00,,12081,,12081,,
05/1989,,41969,,0.00,,7067,,7067,,
06/1989,,36946,,0.00,,1946,,1946,,
07/1989,,20541,,0.00,,56750,,460,,
08/1989,,11008,,0.00,,369,,369,,
09/1989,,8032,,1.07,,240,,240,,
10/1989,,7118,,0.12,,662,,662,,
11/1989,,7424,,0.41,,1097,,1097,,
12/1989,,8222,,0.00,,1523,,1523,,
01/1990,,10096,,2.74,,3103,,3103,,
02/1990,,12564,,1.50,,3884,,3884,,
03/1990,,18175,,1.08,,8146,,8146,,
04/1990,,20213,,0.63,,5264,,5264,,
05/1990,,22026,,0.07,,3997,,3997,,
06/1990,,19383,,0.00,,2089,,2089,,
07/1990,,12678,,0.00,,40,,40,,
08/1990,,8383,,0.00,,-105,,0,,
09/1990,,5590,,0.00,,-48,,0,,
10/1990,,4252,,0.00,,0,,0,,
11/1990,,4227,,0.43,,488,,488,,
12/1990,,5049,,0.39,,1008,,1008,,
01/1991,,6732,,0.51,,1720,,1720,,
02/1991,,7062,,0.86,,912,,912,,
03/1991,,28720,,7.27,,22312,,22312,,
04/1991,,42023,,0.10,,14297,,14297,,
05/1991,,44192,,0.00,,11330,,11330,,
06/1991,,39503,,0.00,,6028,,6028,,
07/1991,,25109,,0.00,,1444,,1444,,
08/1991,,13768,,0.00,,321,,321,,
09/1991,,10360,,0.39,,298,,298,,
10/1991,,8067,,0.85,,486,,486,,
11/1991,,9267,,0.12,,1654,,1654,,
12/1991,,10481,,1.09,,1734,,1734,,
01/1992,,11383,,1.67,,2650,,2650,,
02/1992,,18046,,3.64,,6817,,6817,,
03/1992,,24395,,1.46,,6889,,6889,,
04/1992,,27194,,0.00,,6496,,6496,,
05/1992,,26297,,0.01,,2676,,2676,,
06/1992,,18490,,0.00,,264,,264,,
07/1992,,11615,,0.41,,781,,781,,
08/1992,,6253,,0.01,,655,,655,,
09/1992,,4550,,0.00,,165,,165,,
10/1992,,3884,,1.07,,662,,662,,
11/1992,,5346,,0.00,,2055,,2055,,
12/1992,,8497,,3.00,,3330,,3330,,
01/1993,,11912,,4.83,,24302,,24302,,
02/1993,,18730,,2.80,,16705,,16705,,
03/1993,,33825,,2.50,,30078,,30078,,
04/1993,,43883,,0.05,,23760,,23760,,
05/1993,,53286,,0.00,,21757,,21757,,
06/1993,,58087,,0.04,,13121,,13121,,
07/1993,,51096,,0.00,,3029,,3029,,
08/1993,,35609,,0.00,,1002,,1002,,
09/1993,,23378,,0.00,,490,,490,,
10/1993,,13129,,0.55,,313,,313,,
11/1993,,10199,,2.46,,1381,,1381,,
12/1993,,10365,,1.36,,2947,,2947,,
01/1994,,11194,,1.13,,3227,,3227,,
02/1994,,18498,,3.76,,7414,,7414,,
03/1994,,27293,,1.35,,9140,,9140,,
04/1994,,32784,,1.30,,7702,,7702,,
05/1994,,39995,,0.99,,10288,,10288,,
06/1994,,31039,,0.00,,2077,,2077,,
07/1994,,18397,,0.00,,377,,377,,
08/1994,,10142,,0.00,,351,,351,,
09/1994,,6061,,0.45,,345,,345,,
10/1994,,5261,,0.73,,531,,531,,
11/1994,,6620,,1.60,,1690,,1690,,
12/1994,,9190,,1.67,,3001,,3001,,
01/1995,,10817,,5.41,,23721,,23721,,
02/1995,,15408,,1.28,,16947,,16947,,
03/1995,,44888,,5.72,,61996,,61996,,
04/1995,,49236,,1.66,,34324,,34324,,
05/1995,,80668,,1.52,,51845,,51845,,
06/1995,,81279,,0.76,,37014,,37014,,
07/1995,,66773,,0.00,,13688,,13688,,
08/1995,,47752,,0.00,,4380,,4380,,
09/1995,,33574,,0.00,,3001,,3001,,
10/1995,,20327,,0.00,,2464,,2464,,
11/1995,,10699,,0.00,,2805,,2805,,
12/1995,,11156,,1.96,,4441,,4441,,
01/1996,,16061,,2.29,,11135,,11135,,
02/1996,,35478,,3.54,,38188,,38188,,
03/1996,,44560,,1.94,,44560,,44560,,
04/1996,,62646,,0.98,,28431,,28431,,
05/1996,,76598,,0.19,,22596,,22596,,
06/1996,,68700,,0.00,,8107,,8107,,
07/1996,,47108,,0.00,,2945,,2945,,
08/1996,,15013,,0.00,,1843,,1843,,
09/1996,,11189,,0.00,,1111,,1111,,
10/1996,,8460,,0.91,,44100,,1500,,
11/1996,,18145,,3.38,,43100,,20154,,
12/1996,,32874,,4.70,,54905,,54905,,
01/1997,,63936,,5.88,,149191,,149191,,
02/1997,,39298,,0.48,,46225,,46225,,
03/1997,,40649,,0.07,,30643,,30643,,
04/1997,,50253,,0.00,,21077,,21077,,
05/1997,,62050,,0.00,,17681,,17681,,
06/1997,,54753,,0.00,,7765,,7765,,
07/1997,,36074,,0.00,,4346,,4346,,
08/1997,,16603,,0.00,,2269,,2269,,
09/1997,,9032,,0.10,,1609,,1609,,
10/1997,,6782,,0.65,,4303,,4303,,
11/1997,,10817,,2.72,,5385,,5385,,
12/1997,,7897,,2.05,,10711,,7839,,
01/1998,,13049,,4.77,,23830,,23830,,
02/1998,,59473,,6.23,,77910,,77910,,
03/1998,,57817,,6.10,,65847,,64847,,
04/1998,,65310,,1.98,,86889,,86889,,
05/1998,,81549,,1.34,,70089,,70089,,
06/1998,,92686,,0.41,,68841,,68841,,
07/1998,,76412,,0.00,,33317,,33317,,
08/1998,,44023,,0.00,,11449,,11449,,
09/1998,,22251,,0.09,,6579,,6579,,
10/1998,,12086,,0.50,,6555,,6555,,
11/1998,,7432,,0.94,,12201,,7611,,
12/1998,,10699,,0.29,,8230,,8230,,
01/1999,,16951,,5.28,,7197,,13486,,
02/1999,,19856,,1.13,,12694,,15689,,
03/1999,,27541,,0.87,,3124,,10977,,
04/1999,,40308,,2.33,,1842,,14930,,
05/1999,,46633,,0.04,,5017,,12010,,
06/1999,,38208,,0.05,,12337,,4713,,
07/1999,,23585,,0.00,,15344,,1515,,
08/1999,,10392,,0.02,,13957,,1176,,
09/1999,,7186,,0.07,,3368,,438,,
10/1999,,5679,,0.00,,2272,,932,,
11/1999,,6978,,0.95,,852,,2212,,
12/1999,,8593,,0.01,,866,,2521,,
01/2000,,13465,,2.27,,726,,5647,,
02/2000,,30557,,5.52,,7303,,24484,,
03/2000,,48283,,1.89,,9692,,27696,,
04/2000,,62996,,1.47,,1932,,17221,,
05/2000,,73335,,0.38,,14277,,14277,,
06/2000,,59473,,0.28,,18092,,5500,,
07/2000,,27820,,0.00,,35081,,4382,,
08/2000,,10065,,0.03,,19389,,2124,,
09/2000,,7150,,0.00,,3203,,538,,
10/2000,,6126,,1.17,,2646,,1751,,
11/2000,,7263,,0.17,,1505,,2694,,
12/2000,,9214,,0.02,,781,,2765,,
01/2001,,13315,,2.50,,273,,4417,,
02/2001,,20140,,3.73,,--,,6966,,
03/2001,,30440,,0.57,,--,,10737,,
04/2001,,42472,,2.19,,--,,14136,,
05/2001,,45811,,0.00,,--,,10842,,
06/2001,,31581,,0.00,,--,,2416,,
07/2001,,14599,,0.37,,--,,1952,,
08/2001,,9896,,0.00,,--,,307,,
09/2001,,7263,,0.00,,--,,194,,
10/2001,,4979,,0.18,,--,,262,,
11/2001,,7854,,2.25,,--,,3616,,
12/2001,,15552,,2.95,,--,,12599,,
01/2002,,15360,,1.19,,--,,13028,,
02/2002,,21124,,0.17,,--,,6161,,
03/2002,,31548,,1.51,,--,,11419,,
04/2002,,42050,,0.38,,--,,12780,,
05/2002,,43339,,0.12,,7118,,9122,,
06/2002,,35431,,0.00,,10980,,3876,,
07/2002,,20034,,0.00,,16571,,1833,,
08/2002,,9937,,0.00,,10838,,1148,,
09/2002,,6162,,0.00,,3496,,0,,
10/2002,,4255,,0.00,,2213,,409,,
11/2002,,11998,,2.61,,18376,,26200,,
12/2002,,11558,,2.91,,8027,,7634,,
01/2003,,14011,,0.11,,6253,,8751,,
02/2003,,21563,,1.83,,491,,8116,,
03/2003,,36970,,1.15,,569,,16205,,
04/2003,,52871,,2.33,,1196,,17445,,
05/2003,,73335,,1.56,,7082,,28414,,
06/2003,,65009,,0.00,,17684,,10655,,
07/2003,,30091,,0.03,,38688,,4834,,
08/2003,,12690,,0.00,,19411,,2471,,
09/2003,,7582,,0.03,,5015,,234,,
10/2003,,4436,,0.19,,3513,,518,,
11/2003,,6133,,0.35,,456,,2204,,
12/2003,,11586,,2.64,,345,,5853,,
01/2004,,11139,,0.27,,6786,,6385,,
02/2004,,20254,,3.37,,35,,9229,,
03/2004,,34147,,0.88,,1134,,15289,,
04/2004,,39401,,0.10,,1895,,7619,,
05/2004,,41472,,0.00,,1511,,4247,,
06/2004,,33859,,0.00,,8368,,1533,,
07/2004,,19558,,0.00,,14321,,690,,
08/2004,,8937,,0.00,,10460,,180,r,
09/2004,,5827,,0.00,,2916,,77,,
10/2004,,5820,,1.90,,1191,,1303,,
11/2004,,7739,,0.81,,169,,2146,,
12/2004,,10318,,2.40,,991,,3612,,
01/2005,,8956,,3.04,,28274,,26948,,
02/2005,,15428,,1.54,,4730,,11260,,
03/2005,,27234,,2.41,,15164,,27118,,
04/2005,,27561,,1.33,,25494,,26093,,
05/2005,,38928,,1.88,,31639,,43476,,
06/2005,,32019,,0.00,,29872,,23653,,
07/2005,,21385,,0.00,,16215,,6345,,
08/2005,,6323,,0.00,,16676,,2007,,
09/2005,,4960,,0.05,,2142,,944,,
10/2005,,4954,,0.04,,1247,,1361,,
11/2005,,5926,,0.10,,869,,1916,,
12/2005,,11139,,1.95,,1417,,6680,,
01/2006,,11090,,2.84,,21555,,21582,,
02/2006,,16033,,0.70,,2812,,7859,,
03/2006,,29608,,4.87,,16892,,30607,,
04/2006,,59326,,4.86,,38387,,68490,,
05/2006,,49516,,0.16,,51619,,42608,,
06/2006,,33132,,0.00,,32182,,16665,,
07/2006,,20001,,0.00,,17257,,4846,,
08/2006,,12421,,0.00,,9031,,1938,,
09/2006,,5620,,0.00,,7206,,676,,
10/2006,,5880,,0.17,,1263,,1636,,
11/2006,,6782,,0.01,,1065,,2023,,
12/2006,,9447,,1.92,,1025,,3753,r,
01/2007,,10861,,0.33,,2423,,3902,,
02/2007,,16704,,1.66,,77,,6004,r,
03/2007,,25250,,0.98,,144,,8924,,
04/2007,,31986,,0.68,,484,,7565,,
05/2007,,34066,,0.06,,1342,,4064,r,
06/2007,,21529,,0.00,,12660,,857,,
07/2007,,6097,,0.00,,15660,,587,,
08/2007,,4729,,0.00,,1329,,196,,
09/2007,,3580,,0.68,,1053,,56,,
10/2007,,3211,,0.14,,645,,385,,
11/2007,,3520,,0.43,,477,,843,,
12/2007,,6166,,2.00,,328,,3001,,
01/2008,,8588,,2.49,,6376,,11457,,
02/2008,,19695,,3.27,,7516,,18696,,
03/2008,,12969,,0.14,,21789,,15211,,
04/2008,,22819,,0.00,,1038,,11203,,
05/2008,,32295,,0.46,,2468,,12446,,
06/2008,,13692,,0.00,,23430,,5407,,
07/2008,,7607,,0.00,,6613,,954,,
08/2008,,5359,,0.00,,2071,,89,,
09/2008,,4171,,0.00,,871,,0,,
10/2008,,3580,,0.05,,825,,329,,
11/2008,,4901,,1.14,,174,,1537,,
12/2008,,7146,,1.37,,519,,2795,,
01/2009,,11797,,1.45,,1128,,5816,,
02/2009,,20066,,2.20,,420,,8753,,
03/2009,,29504,,0.44,,802,,10398,,
04/2009,,37995,,0.43,,2244,,11026,,
05/2009,,39055,,0.64,,11368,,12879,,
06/2009,,39055,,0.23,,2824,,3310,,
07/2009,,10261,,0.00,,29481,,1204,,
08/2009,,6424,,0.00,,3734,,103,,
09/2009,,4967,,0.00,,1219,,0,e,
10/2009,,6409,,1.02,,845,,2368,,
11/2009,,7030,,0.14,,599,,1291,,
12/2009,,7399,,2.82,,4743,,5153,,
01/2010,,9146,,2.67,,6472,,8259,,
02/2010,,21250,,3.54,,7421,,19579,,
03/2010,,7624,,1.25,,37842,,24347,,
04/2010,,30355,,3.04,,2359,,25286,,
05/2010,,38611,,0.11,,18447,,27198,,
06/2010,,40807,,0.00,,22432,,25323,,
07/2010,,23209,,0.00,,23455,,6520,,
08/2010,,7730,,0.00,,17579,,2440,,
09/2010,,5720,,0.00,,2585,,746,,
10/2010,,5926,,1.37,,1200,,1515,,
11/2010,,8881,,1.98,,228,,3235,,
12/2010,,42759,,9.20,,23927,,57879,,
01/2011,,17266,,1.63,,54326,,28913,,
02/2011,,17296,,1.36,,14726,,14856,,
03/2011,,42267,,3.56,,20899,,46055,,
04/2011,,38246,,0.72,,49099,,45458,,
05/2011,,38623,,0.58,,33360,,34231,,
06/2011,,39736,,0.25,,26931,,28640,,
07/2011,,40021,,0.00,,8984,,10031,,
08/2011,,27830,,0.06,,14726,,3193,,
09/2011,,12121,,0.00,,18061,,2721,,
10/2011,,7086,,0.90,,9554,,5048,,
11/2011,,10688,,0.55,,1028,,4701,,
12/2011,,13458,,0.00,,947,,3802,,
01/2012,,20074,,1.83,,850,,7573,,
02/2012,,25542,,0.84,,794,,6387,,
03/2012,,36739,,2.98,,554,,11990,,
04/2012,,55302,,4.20,,8976,,27973,,
05/2012,,64909,,0.06,,2290,,12786,,
06/2012,,54277,,0.28,,12340,,2711,,
07/2012,,31733,,0.01,,23227,,1478,,
08/2012,,7658,,0.00,,25122,,1436,,
09/2012,,5813,,0.00,,1856,,196,,
10/2012,,4979,,0.33,,1409,,688,,
11/2012,,4957,,0.44,,1400,,1430,,
12/2012,,10308,,2.93,,891,,6264,,
01/2013,,15914,,0.95,,607,,6286,,
02/2013,,20823,,1.19,,513,,5544,,
03/2013,,25865,,0.79,,483,,5742,,
04/2013,,29028,,0.00,,876,,4397,,
05/2013,,29566,,0.36,,959,,1966,,
06/2013,,28031,,0.04,,986,,28,,
07/2013,,21922,,0.00,,5370,,0,,
08/2013,,6133,,0.01,,15622,,161,,
09/2013,,4920,,0.00,,1166,,121,,
10/2013,,3970,,0.46,,992,,147,,
11/2013,,4479,,0.67,,203,,768,,
12/2013,,4967,,0.34,,571,,1105,,
01/2014,,5873,,0.64,,184,,1141,,
02/2014,,6939,,1.56,,962,,2079,,
03/2014,,9345,,1.03,,697,,3215,,
04/2014,,12902,,1.17,,172,,3919,,
05/2014,,13590,,0.24,e,1086,,2069,,
06/2014,,12232,,0.06,,1028,,58,,
07/2014,,10753,,0.00,,1087,,0,e,
08/2014,,5356,,0.00,,4783,,0,e,
09/2014,,3850,,0.00,,1414,,49,,
10/2014,,3124,,0.00,,703,,67,,
11/2014,,3391,,0.00,,98,,409,,
12/2014,,4654,,0.00,,737,,2024,,
01/2015,,5352,,0.00,,639,,1371,,
02/2015,,7255,,0.83,,713,,2678,,
03/2015,,8311,,0.23,,632,,1813,,
04/2015,,9003,,0.65,,94,,947,,
05/2015,,8801,,1.86,,462,,460,,
06/2015,,7503,,0.04,,1002,,0,e,
07/2015,,6210,,0.62,,1020,,0,e,
08/2015,,4606,,0.00,,1348,,0,,
09/2015,,3085,,0.00,,1378,,0,,
10/2015,,2906,,1.18,,230,,130,,
11/2015,,3989,,1.87,,34,,1160,,
12/2015,,9983,,4.02,,718,,6751,,
01/2016,,--,,--,,--,,--,,
